<?xml version="1.0" encoding="UTF-8"?>
<beans xmlns="http://www.springframework.org/schema/beans"
       xmlns:xsi="http://www.w3.org/2001/XMLSchema-instance"
       xmlns:mvc="http://www.springframework.org/schema/mvc"
       xmlns:context="http://www.springframework.org/schema/context"
       xmlns:tx="http://www.springframework.org/schema/tx"
       xsi:schemaLocation="
           http://www.springframework.org/schema/mvc
           http://www.springframework.org/schema/mvc/spring-mvc-4.0.xsd
           http://www.springframework.org/schema/beans
           http://www.springframework.org/schema/beans/spring-beans-4.0.xsd
           http://www.springframework.org/schema/context
           http://www.springframework.org/schema/context/spring-context-4.0.xsd
           http://www.springframework.org/schema/tx
           http://www.springframework.org/schema/tx/spring-tx-4.0.xsd">

    <!-- Automatyczne skanowanie klas z adnotacjami w pakiecie -->
    <context:component-scan base-package="WWSIS" />

    <!-- Włączenie obsługi adnotacji Spring -->
    <context:annotation-config />

    <!-- DataSource dla HSQLDB -->
    <bean id="dataSource" class="org.springframework.jdbc.datasource.DriverManagerDataSource">
        <property name="driverClassName" value="org.hsqldb.jdbcDriver" />
        <property name="url" value="jdbc:hsqldb:hsql://localhost:9001/testdb" />
        <property name="username" value="SA" />
        <property name="password" value="" />
    </bean>

    <!-- Włączenie obsługi transakcji przez adnotacje -->
    <tx:annotation-driven />

    <!-- EntityManagerFactory dla Hibernate/JPA -->
    <bean id="entityManagerFactoryBean"
          class="org.springframework.orm.jpa.LocalContainerEntityManagerFactoryBean">
        <property name="dataSource" ref="dataSource" />
        <property name="packagesToScan" value="WWSIS.model" />
        <property name="jpaVendorAdapter">
            <bean class="org.springframework.orm.jpa.vendor.HibernateJpaVendorAdapter">
                <property name="showSql" value="true" />
                <property name="databasePlatform" value="org.hibernate.dialect.HSQLDialect" />
            </bean>
        </property>
        <property name="jpaProperties">
            <props>
                <prop key="hibernate.hbm2ddl.auto">update</prop>
            </props>
        </property>
    </bean>

    <!-- Bean wspierający @PersistenceContext -->
    <bean class="org.springframework.orm.jpa.support.PersistenceAnnotationBeanPostProcessor" />

    <!-- Bean do tłumaczenia wyjątków JPA na Spring -->
    <bean class="org.springframework.dao.annotation.PersistenceExceptionTranslationPostProcessor" />

    <!-- Transaction Manager -->
    <bean id="transactionManager" class="org.springframework.orm.jpa.JpaTransactionManager">
        <property name="entityManagerFactory" ref="entityManagerFactoryBean" />
    </bean>

    <!-- DAO Beans -->
    <bean id="uzytkownikDao" class="WWSIS.dao.impl.UzytkownikDaoImpl" />
    <bean id="wpisDao" class="WWSIS.dao.impl.WpisDaoImpl" />
    <bean id="followerDao" class="WWSIS.dao.impl.FollowerDaoImpl" />

</beans>